Workbook

Sheet 总览看板
A1: 2026年招聘市场三岗位对比分析
A2: 数据来源：recruitment_2026 数据库 data / game / operator 三表 · 统计口径详见「说明」表 · 生成日期：2026-10-26
A4: 一、核心指标
A5: 数据岗职位数 | C5: 游戏岗职位数 | E5: 运维岗职位数 | G5: 三岗职位合计
A6: ==SUM(城市需求对比!B3:B6) -> 495 | C6: ==SUM(城市需求对比!D3:D6) -> 1116 | E6: ==SUM(城市需求对比!F3:F6) -> 1195 | G6: ==A6+C6+E6 -> 2806
A8: 二、清洗漏斗对比（各阶段记录数）
A9: 阶段 | B9: 数据岗 | C9: 游戏岗 | D9: 运维岗 | E9: 数据岗保留率 | F9: 游戏岗保留率 | G9: 运维岗保留率 | H9: 阶段说明
A10: 原始记录 | B10: 8000 | C10: 5000 | D10: 5000 | E10: ==IF(OR(B$10="",B$10=0),"",B10/B$10) -> 1 | F10: ==IF(OR(C$10="",C$10=0),"",C10/C$10) -> 1 | G10: ==IF(OR(D$10="",D$10=0),"",D10/D$10) -> 1 | H10: 三表全量数据
A11: 清洗空值后 | B11: 7081 | C11: 4425 | D11: 4432 | E11: ==IF(OR(B$10="",B$10=0),"",B11/B$10) -> 0.885125 | F11: ==IF(OR(C$10="",C$10=0),"",C11/C$10) -> 0.885 | G11: ==IF(OR(D$10="",D$10=0),"",D11/D$10) -> 0.8864 | H11: 13 个关键字段非空
A12: 去重后 | B12: 7058 | C12: 4425 | D12: 4400 | E12: ==IF(OR(B$10="",B$10=0),"",B12/B$10) -> 0.88225 | F12: ==IF(OR(C$10="",C$10=0),"",C12/C$10) -> 0.885 | G12: ==IF(OR(D$10="",D$10=0),"",D12/D$10) -> 0.88 | H12: 公司 + 职位取最新
A13: 限北上广深 | B13: 6813 | C13: 4279 | D13: 4252 | E13: ==IF(OR(B$10="",B$10=0),"",B13/B$10) -> 0.851625 | F13: ==IF(OR(C$10="",C$10=0),"",C13/C$10) -> 0.8558 | G13: ==IF(OR(D$10="",D$10=0),"",D13/D$10) -> 0.8504 | H13: 排除其他城市
A14: 岗位筛选后 | B14: 495 | C14: 1116 | D14: 1195 | E14: ==IF(OR(B$10="",B$10=0),"",B14/B$10) -> 0.061875 | F14: ==IF(OR(C$10="",C$10=0),"",C14/C$10) -> 0.2232 | G14: ==IF(OR(D$10="",D$10=0),"",D14/D$10) -> 0.239 | H14: %数据% / %游戏% / %运维%
A16: 三、三岗核心指标速览
A17: 岗位 | B17: 职位数 | C17: 平均月薪（元） | D17: 主力城市 | E17: 主导企业类型 | F17: TOP技能
A18: 数据岗 | B18: ==SUM(城市需求对比!B3:B6) -> 495 | C18: {==IF(OR(SUM(企业类型分析!B$3:B$12)=0,COUNT(企业类型分析!B$3:B$12)=0),"",ROUND(SUMPRODUCT(企业类型分析!B$3:B$12,企业类型分析!H$3:H$12)/SUM(企业类型分析!B$3:B$12),0))} -> 11566 | D18: {==INDEX(城市需求对比!$A$3:$A$6,MATCH(MAX(城市需求对比!B$3:B$6),城市需求对比!B$3:B$6,0))} -> 广州 | E18: {==INDEX(企业类型分析!$A$3:$A$12,MATCH(MAX(企业类型分析!B$3:B$12),企业类型分析!B$3:B$12,0))} -> 民营公司 | F18: {==INDEX(核心技能对比!$A$3:$A$17,MATCH(MAX(核心技能对比!B$3:B$17),核心技能对比!B$3:B$17,0))} -> ETL
A19: 游戏岗 | B19: ==SUM(城市需求对比!D3:D6) -> 1116 | C19: {==IF(OR(SUM(企业类型分析!D$3:D$12)=0,COUNT(企业类型分析!D$3:D$12)=0),"",ROUND(SUMPRODUCT(企业类型分析!D$3:D$12,企业类型分析!I$3:I$12)/SUM(企业类型分析!D$3:D$12),0))} -> 11312 | D19: {==INDEX(城市需求对比!$A$3:$A$6,MATCH(MAX(城市需求对比!D$3:D$6),城市需求对比!D$3:D$6,0))} -> 广州 | E19: {==INDEX(企业类型分析!$A$3:$A$12,MATCH(MAX(企业类型分析!D$3:D$12),企业类型分析!D$3:D$12,0))} -> 民营公司 | F19: {==INDEX(核心技能对比!$A$3:$A$17,MATCH(MAX(核心技能对比!C$3:C$17),核心技能对比!C$3:C$17,0))} -> 电商
A20: 运维岗 | B20: ==SUM(城市需求对比!F3:F6) -> 1195 | C20: {==IF(OR(SUM(企业类型分析!F$3:F$12)=0,COUNT(企业类型分析!F$3:F$12)=0),"",ROUND(SUMPRODUCT(企业类型分析!F$3:F$12,企业类型分析!J$3:J$12)/SUM(企业类型分析!F$3:F$12),0))} -> 11489 | D20: {==INDEX(城市需求对比!$A$3:$A$6,MATCH(MAX(城市需求对比!F$3:F$6),城市需求对比!F$3:F$6,0))} -> 广州 | E20: {==INDEX(企业类型分析!$A$3:$A$12,MATCH(MAX(企业类型分析!F$3:F$12),企业类型分析!F$3:F$12,0))} -> 民营公司 | F20: {==INDEX(核心技能对比!$A$3:$A$17,MATCH(MAX(核心技能对比!D$3:D$17),核心技能对比!D$3:D$17,0))} -> LINUX
A21: 注：平均月薪按企业类型招聘量加权计算；主力城市 / 主导企业类型 / TOP技能 由公式取各维度最大值自动得出。

Sheet 城市需求对比
A1: 北上广深城市需求对比（职位数）
A2: 城市 | B2: 数据岗职位数 | C2: 数据岗占比 | D2: 游戏岗职位数 | E2: 游戏岗占比 | F2: 运维岗职位数 | G2: 运维岗占比
A3: 广州 | B3: 176 | C3: ==IF(OR(B$7="",B$7=0),"",B3/B$7) -> 0.35555556 | D3: 336 | E3: ==IF(OR(D$7="",D$7=0),"",D3/D$7) -> 0.30107527 | F3: 397 | G3: ==IF(OR(F$7="",F$7=0),"",F3/F$7) -> 0.33221757
A4: 深圳 | B4: 135 | C4: ==IF(OR(B$7="",B$7=0),"",B4/B$7) -> 0.27272727 | D4: 318 | E4: ==IF(OR(D$7="",D$7=0),"",D4/D$7) -> 0.28494624 | F4: 356 | G4: ==IF(OR(F$7="",F$7=0),"",F4/F$7) -> 0.29790795
A5: 上海 | B5: 117 | C5: ==IF(OR(B$7="",B$7=0),"",B5/B$7) -> 0.23636364 | D5: 321 | E5: ==IF(OR(D$7="",D$7=0),"",D5/D$7) -> 0.28763441 | F5: 296 | G5: ==IF(OR(F$7="",F$7=0),"",F5/F$7) -> 0.24769874
A6: 北京 | B6: 67 | C6: ==IF(OR(B$7="",B$7=0),"",B6/B$7) -> 0.13535354 | D6: 141 | E6: ==IF(OR(D$7="",D$7=0),"",D6/D$7) -> 0.12634409 | F6: 146 | G6: ==IF(OR(F$7="",F$7=0),"",F6/F$7) -> 0.12217573
A7: 合计 | B7: ==SUM(B3:B6) -> 495 | C7: ==IF(OR(B7="",B7=0),"",B7/B7) -> 1 | D7: ==SUM(D3:D6) -> 1116 | E7: ==IF(OR(D7="",D7=0),"",D7/D7) -> 1 | F7: ==SUM(F3:F6) -> 1195 | G7: ==IF(OR(F7="",F7=0),"",F7/F7) -> 1
A8: 口径：v_*_clean_workplace 视图 · 按城市汇总的最终分析集职位数；占比列为公式计算。

Sheet 企业类型分析
A1: 企业类型分析（招聘量与平均月薪）
A2: 企业类型 | B2: 数据岗招聘量 | C2: 数据岗占比 | D2: 游戏岗招聘量 | E2: 游戏岗占比 | F2: 运维岗招聘量 | G2: 运维岗占比 | H2: 数据岗平均月薪（元） | I2: 游戏岗平均月薪（元） | J2: 运维岗平均月薪（元）
A3: 民营公司 | B3: 381 | C3: ==IF(OR(B$13="",B$13=0),"",B3/B$13) -> 0.76969697 | D3: 845 | E3: ==IF(OR(D$13="",D$13=0),"",D3/D$13) -> 0.75716846 | F3: 894 | G3: ==IF(OR(F$13="",F$13=0),"",F3/F$13) -> 0.74811715 | H3: 11792.38 | I3: 11201.152 | J3: 11476.292
A4: 上市公司 | B4: 24 | C4: ==IF(OR(B$13="",B$13=0),"",B4/B$13) -> 0.048484848 | D4: 80 | E4: ==IF(OR(D$13="",D$13=0),"",D4/D$13) -> 0.071684588 | F4: 85 | G4: ==IF(OR(F$13="",F$13=0),"",F4/F$13) -> 0.071129707 | H4: 11159.375 | I4: 11464.873 | J4: 12517.647
A5: 合资 | B5: 38 | C5: ==IF(OR(B$13="",B$13=0),"",B5/B$13) -> 0.076767677 | D5: 58 | E5: ==IF(OR(D$13="",D$13=0),"",D5/D$13) -> 0.051971326 | F5: 71 | G5: ==IF(OR(F$13="",F$13=0),"",F5/F$13) -> 0.059414226 | H5: 11418.553 | I5: 10047.414 | J5: 10701.796
A6: 外资（非欧美） | B6: 18 | C6: ==IF(OR(B$13="",B$13=0),"",B6/B$13) -> 0.036363636 | D6: 39 | E6: ==IF(OR(D$13="",D$13=0),"",D6/D$13) -> 0.034946237 | F6: 52 | G6: ==IF(OR(F$13="",F$13=0),"",F6/F$13) -> 0.043514644 | H6: 10083.333 | I6: 11275.641 | J6: 10666.608
A7: 国企 | B7: 16 | C7: ==IF(OR(B$13="",B$13=0),"",B7/B$13) -> 0.032323232 | D7: 43 | E7: ==IF(OR(D$13="",D$13=0),"",D7/D$13) -> 0.038530466 | F7: 43 | G7: ==IF(OR(F$13="",F$13=0),"",F7/F$13) -> 0.035983264 | H7: 8906.25 | I7: 13152.381 | J7: 12020.93
A8: 外资（欧美） | B8: 9 | C8: ==IF(OR(B$13="",B$13=0),"",B8/B$13) -> 0.018181818 | D8: 24 | E8: ==IF(OR(D$13="",D$13=0),"",D8/D$13) -> 0.021505376 | F8: 29 | G8: ==IF(OR(F$13="",F$13=0),"",F8/F$13) -> 0.024267782 | H8: 10305.556 | I8: 11495.938 | J8: 11387.931
A9: 创业公司 | B9: 9 | C9: ==IF(OR(B$13="",B$13=0),"",B9/B$13) -> 0.018181818 | D9: 23 | E9: ==IF(OR(D$13="",D$13=0),"",D9/D$13) -> 0.020609319 | F9: 18 | G9: ==IF(OR(F$13="",F$13=0),"",F9/F$13) -> 0.015062762 | H9: 12666.667 | I9: 14677.283 | J9: 11323.75
A10: 事业单位 | C10: ==IF(OR(B$13="",B$13=0),"",B10/B$13) -> 0 | D10: 1 | E10: ==IF(OR(D$13="",D$13=0),"",D10/D$13) -> 0.00089605735 | F10: 3 | G10: ==IF(OR(F$13="",F$13=0),"",F10/F$13) -> 0.0025104603 | I10: 8000 | J10: 13250
A11: 外企代表处 | C11: ==IF(OR(B$13="",B$13=0),"",B11/B$13) -> 0 | D11: 2 | E11: ==IF(OR(D$13="",D$13=0),"",D11/D$13) -> 0.0017921147 | G11: ==IF(OR(F$13="",F$13=0),"",F11/F$13) -> 0 | I11: 10750
A12: 非营利组织 | C12: ==IF(OR(B$13="",B$13=0),"",B12/B$13) -> 0 | D12: 1 | E12: ==IF(OR(D$13="",D$13=0),"",D12/D$13) -> 0.00089605735 | G12: ==IF(OR(F$13="",F$13=0),"",F12/F$13) -> 0 | I12: 11500
A13: 合计 / 整体 | B13: ==SUM(B3:B12) -> 495 | C13: ==IF(OR(B13="",B13=0),"",B13/B13) -> 1 | D13: ==SUM(D3:D12) -> 1116 | E13: ==IF(OR(D13="",D13=0),"",D13/D13) -> 1 | F13: ==SUM(F3:F12) -> 1195 | G13: ==IF(OR(F13="",F13=0),"",F13/F13) -> 1 | H13: {==IF(OR(SUM(B3:B12)=0,COUNT(H3:H12)=0),"",ROUND(SUMPRODUCT(B3:B12,H3:H12)/SUM(B3:B12),0))} -> 11566 | I13: {==IF(OR(SUM(D3:D12)=0,COUNT(I3:I12)=0),"",ROUND(SUMPRODUCT(D3:D12,I3:I12)/SUM(D3:D12),0))} -> 11312 | J13: {==IF(OR(SUM(F3:F12)=0,COUNT(J3:J12)=0),"",ROUND(SUMPRODUCT(F3:F12,J3:J12)/SUM(F3:F12),0))} -> 11489
A14: 口径：招聘量 = COUNT(*) · 平均月薪 = 该类型 avg(salary_mean) · 占比与合计均为公式计算。

Sheet 年限薪资对比
A1: 工作年限 - 平均月薪对比
A2: 工作年限（年） | B2: 数据岗平均月薪（元） | C2: 游戏岗平均月薪（元） | D2: 运维岗平均月薪（元） | E2: 数据岗样本数 | F2: 游戏岗样本数 | G2: 运维岗样本数
A3: 1 | B3: 12838.987 | C3: 11185.253 | D3: 11252.771 | E3: 40 | F3: 89 | G3: 83
A4: 3 | B4: 12002.873 | C4: 10951.112 | D4: 11390.706 | E4: 134 | F4: 264 | G4: 301
A5: 4 | B5: 12580.294 | C5: 11443.189 | D5: 11730.359 | E5: 85 | F5: 225 | G5: 245
A6: 5 | B6: 10942.458 | C6: 11275.668 | D6: 11407.272 | E6: 119 | F6: 288 | G6: 332
A7: 6 | B7: 10814.394 | C7: 11730.273 | D7: 11029.353 | E7: 66 | F7: 120 | G7: 117
A8: 7 | B8: 9152.0833 | C8: 11934.783 | D8: 11216.667 | E8: 6 | F8: 23 | G8: 15
A9: 8 | B9: 7000 | C9: 10750 | D9: 13101.389 | E9: 1 | F9: 13 | G9: 9
A10: 10 | B10: 10337.209 | C10: 11614.197 | D10: 12142.366 | E10: 44 | F10: 94 | G10: 93
A11: 整体平均 | B11: {==IF(OR(SUM(E3:E10)=0,COUNT(B3:B10)=0),"",ROUND(SUMPRODUCT(B3:B10,E3:E10)/SUM(E3:E10),0))} -> 11563 | C11: {==IF(OR(SUM(F3:F10)=0,COUNT(C3:C10)=0),"",ROUND(SUMPRODUCT(C3:C10,F3:F10)/SUM(F3:F10),0))} -> 11310 | D11: {==IF(OR(SUM(G3:G10)=0,COUNT(D3:D10)=0),"",ROUND(SUMPRODUCT(D3:D10,G3:G10)/SUM(G3:G10),0))} -> 11489 | E11: ==SUM(E3:E10) -> 495 | F11: ==SUM(F3:F10) -> 1116 | G11: ==SUM(G3:G10) -> 1195
A12: 注：样本数为该年限下纳入统计的职位数；样本 < 10 时均值波动极大（如数据岗「8 年」仅 1 条），仅供参考。

Sheet 核心技能对比
A1: 核心技能出现频率对比（Top 15）
A2: 技能点 | B2: 数据岗频数 | C2: 游戏岗频数 | D2: 运维岗频数 | E2: 数据岗出现频率 | F2: 游戏岗出现频率 | G2: 运维岗出现频率
A3: LINUX | B3: 1 | C3: 1 | D3: 806 | E3: ==IF(OR(城市需求对比!$B$7="",城市需求对比!$B$7=0),"",B3/城市需求对比!$B$7) -> 0.002020202 | F3: ==IF(OR(城市需求对比!$D$7="",城市需求对比!$D$7=0),"",C3/城市需求对比!$D$7) -> 0.00089605735 | G3: ==IF(OR(城市需求对比!$F$7="",城市需求对比!$F$7=0),"",D3/城市需求对比!$F$7) -> 0.67447699
A4: PYTHON | B4: 316 | C4: 8 | D4: 787 | E4: ==IF(OR(城市需求对比!$B$7="",城市需求对比!$B$7=0),"",B4/城市需求对比!$B$7) -> 0.63838384 | F4: ==IF(OR(城市需求对比!$D$7="",城市需求对比!$D$7=0),"",C4/城市需求对比!$D$7) -> 0.0071684588 | G4: ==IF(OR(城市需求对比!$F$7="",城市需求对比!$F$7=0),"",D4/城市需求对比!$F$7) -> 0.65857741
A5: SHELL | B5: 0 | C5: 0 | D5: 777 | E5: ==IF(OR(城市需求对比!$B$7="",城市需求对比!$B$7=0),"",B5/城市需求对比!$B$7) -> 0 | F5: ==IF(OR(城市需求对比!$D$7="",城市需求对比!$D$7=0),"",C5/城市需求对比!$D$7) -> 0 | G5: ==IF(OR(城市需求对比!$F$7="",城市需求对比!$F$7=0),"",D5/城市需求对比!$F$7) -> 0.65020921
A6: SQL | B6: 315 | C6: 1 | D6: 755 | E6: ==IF(OR(城市需求对比!$B$7="",城市需求对比!$B$7=0),"",B6/城市需求对比!$B$7) -> 0.63636364 | F6: ==IF(OR(城市需求对比!$D$7="",城市需求对比!$D$7=0),"",C6/城市需求对比!$D$7) -> 0.00089605735 | G6: ==IF(OR(城市需求对比!$F$7="",城市需求对比!$F$7=0),"",D6/城市需求对比!$F$7) -> 0.63179916
A7: MYSQL | B7: 0 | C7: 1 | D7: 755 | E7: ==IF(OR(城市需求对比!$B$7="",城市需求对比!$B$7=0),"",B7/城市需求对比!$B$7) -> 0 | F7: ==IF(OR(城市需求对比!$D$7="",城市需求对比!$D$7=0),"",C7/城市需求对比!$D$7) -> 0.00089605735 | G7: ==IF(OR(城市需求对比!$F$7="",城市需求对比!$F$7=0),"",D7/城市需求对比!$F$7) -> 0.63179916
A8: ETL | B8: 423 | C8: 1 | D8: 13 | E8: ==IF(OR(城市需求对比!$B$7="",城市需求对比!$B$7=0),"",B8/城市需求对比!$B$7) -> 0.85454545 | F8: ==IF(OR(城市需求对比!$D$7="",城市需求对比!$D$7=0),"",C8/城市需求对比!$D$7) -> 0.00089605735 | G8: ==IF(OR(城市需求对比!$F$7="",城市需求对比!$F$7=0),"",D8/城市需求对比!$F$7) -> 0.010878661
A9: 大数据 | B9: 347 | C9: 6 | D9: 78 | E9: ==IF(OR(城市需求对比!$B$7="",城市需求对比!$B$7=0),"",B9/城市需求对比!$B$7) -> 0.7010101 | F9: ==IF(OR(城市需求对比!$D$7="",城市需求对比!$D$7=0),"",C9/城市需求对比!$D$7) -> 0.0053763441 | G9: ==IF(OR(城市需求对比!$F$7="",城市需求对比!$F$7=0),"",D9/城市需求对比!$F$7) -> 0.065271967
A10: 电商 | B10: 331 | C10: 56 | D10: 20 | E10: ==IF(OR(城市需求对比!$B$7="",城市需求对比!$B$7=0),"",B10/城市需求对比!$B$7) -> 0.66868687 | F10: ==IF(OR(城市需求对比!$D$7="",城市需求对比!$D$7=0),"",C10/城市需求对比!$D$7) -> 0.050179211 | G10: ==IF(OR(城市需求对比!$F$7="",城市需求对比!$F$7=0),"",D10/城市需求对比!$F$7) -> 0.016736402
A11: SPARK | B11: 323 | C11: 0 | D11: 0 | E11: ==IF(OR(城市需求对比!$B$7="",城市需求对比!$B$7=0),"",B11/城市需求对比!$B$7) -> 0.65252525 | F11: ==IF(OR(城市需求对比!$D$7="",城市需求对比!$D$7=0),"",C11/城市需求对比!$D$7) -> 0 | G11: ==IF(OR(城市需求对比!$F$7="",城市需求对比!$F$7=0),"",D11/城市需求对比!$F$7) -> 0
A12: HIVE | B12: 323 | C12: 0 | D12: 0 | E12: ==IF(OR(城市需求对比!$B$7="",城市需求对比!$B$7=0),"",B12/城市需求对比!$B$7) -> 0.65252525 | F12: ==IF(OR(城市需求对比!$D$7="",城市需求对比!$D$7=0),"",C12/城市需求对比!$D$7) -> 0 | G12: ==IF(OR(城市需求对比!$F$7="",城市需求对比!$F$7=0),"",D12/城市需求对比!$F$7) -> 0
A13: EXCEL | B13: 315 | C13: 0 | D13: 0 | E13: ==IF(OR(城市需求对比!$B$7="",城市需求对比!$B$7=0),"",B13/城市需求对比!$B$7) -> 0.63636364 | F13: ==IF(OR(城市需求对比!$D$7="",城市需求对比!$D$7=0),"",C13/城市需求对比!$D$7) -> 0 | G13: ==IF(OR(城市需求对比!$F$7="",城市需求对比!$F$7=0),"",D13/城市需求对比!$F$7) -> 0
A14: BI | B14: 313 | C14: 5 | D14: 15 | E14: ==IF(OR(城市需求对比!$B$7="",城市需求对比!$B$7=0),"",B14/城市需求对比!$B$7) -> 0.63232323 | F14: ==IF(OR(城市需求对比!$D$7="",城市需求对比!$D$7=0),"",C14/城市需求对比!$D$7) -> 0.0044802867 | G14: ==IF(OR(城市需求对比!$F$7="",城市需求对比!$F$7=0),"",D14/城市需求对比!$F$7) -> 0.012552301
... A17: 机器学习 | B17: 291 | C17: 1 | D17: 12 | E17: ==IF(OR(城市需求对比!$B$7="",城市需求对比!$B$7=0),"",B17/城市需求对比!$B$7) -> 0.58787879 | F17: ==IF(OR(城市需求对比!$D$7="",城市需求对比!$D$7=0),"",C17/城市需求对比!$D$7) -> 0.00089605735 | G17: ==IF(OR(城市需求对比!$F$7="",城市需求对比!$F$7=0),"",D17/城市需求对比!$F$7) -> 0.010041841
A18: 口径：频数 = 职位详情 LIKE 匹配数（全量技能，已剔除「报告」） · 频率 = 频数 / 该岗职位数（公式）。

Sheet 说明
A1: 说明
A2: 项目 | B2: 说明
A3: 数据来源 | B3: 本地 MySQL「recruitment_2026」数据库的 data（数据岗）、game（游戏岗）、operator（运维岗）三张表，原始记录 8,000 / 5,000 / 5,000 条，职位发布日期为 2026 年。
A4: 岗位筛选口径 | B4: 与 v_*_clean 视图一致：数据岗 job_name LIKE '%数据%'、游戏岗 LIKE '%游戏%'、运维岗 LIKE '%运维%'。
A5: 城市口径 | B5: 仅保留北上广深（workarea_text LIKE 匹配），其他城市与「异地招聘」已在清洗流程中排除。
A6: 去重口径 | B6: 同一「公司名 + 职位名」仅保留 issuedate 最新的一条（ROW_NUMBER 窗口函数）。
A7: 薪资口径 | B7: providesalary_text 解析为月薪：千/月 ×1000、万/月 ×10000、万/年 ×833（约 ÷12）；salary_mean = (salary_min + salary_max) / 2；个别「1.5千以下/月」等非区间文本无法解析，计为 NULL（占比极小）。
A8: 招聘量口径 | B8: 本报表「招聘量 / 职位数」均按 COUNT(*) 统计；SQL 练习视图中的「招聘总数」为 SUM(degreefrom)（学历编码求和），仅排序趋势一致，绝对值不代表职位数。
A9: 技能口径 | B9: 对 v_*_clean 全量职位详情做 LIKE 匹配 skill_table 的 63 个技能关键词；「报告」一词因高频出现于「测试报告 / 运行报告」等文本、并非真实技能，本报表已剔除。
A10: 口径统一调整 | B10: v_data_salary_unit 原基于 v_clean_data_distinct（7,058 行），已按用户脚本改回基于 v_data_clean（495 行），与 game / operator 薪资链口径一致，其下游 3 个视图已原样重建。
A11: 样本量提示 | B11: 年限薪资表中样本数 < 10 的格子（如数据岗「8 年」仅 1 条）波动极大，解读需谨慎。
A12: 配套文件 | B12: 招聘项目查询.sql（data 表分析）、招聘项目查询1.sql（game）、招聘项目查询2.sql（operator）、game_operator_analysis.sql（26 个视图脚本）；本工作簿由 AI 于 2026-10-26 生成。
